[
  {
    "jid": "6281234567890@s.whatsapp.net",
    "name": "Budi",
    "age": 17,
    "serial": "JKS82LA8SZL3NMZ1L3KD"
  },
  {
    "jid": "6289876543210@s.whatsapp.net",
    "name": "Santi",
    "age": 15,
    "serial": "XM9Z21JDLA7KSKD9AL3Q"
  },
  {
    "jid": "6283844671188@s.whatsapp.net",
    "name": "Kmbil Bolng1",
    "age": "16",
    "serial": "HD1KDNNVQZQB3WI0M2OD"
  },
  {
    "jid": "601111807673@s.whatsapp.net",
    "name": "𝙔𝙖𝙣𝙯𝙯𝙯_.",
    "age": " 17",
    "serial": "TF6I4KVCHRNVUOG9SE90"
  },
  {
    "jid": "6285726020929@s.whatsapp.net",
    "name": "RixqzOffc",
    "age": "19",
    "serial": "ISJF87UJ9O0OENJS5B4H"
  },
  {
    "jid": "6283135920043@s.whatsapp.net",
    "name": "GhanZ",
    "age": "15",
    "serial": "SPBDGQWSJ6VBB5QLM71Y"
  },
  {
    "jid": "6283122653269@s.whatsapp.net",
    "name": "RSTUVWXYZ",
    "age": "14",
    "serial": "LT27E1R99K0P3KC7F2ST"
  },
  {
    "jid": "6289686008033@s.whatsapp.net",
    "name": "daphaaditia",
    "age": "12",
    "serial": "8U8WCJNZ71KZLPOYJADR"
  },
  {
    "jid": "6287789746134@s.whatsapp.net",
    "name": "Dandi",
    "age": "12",
    "serial": "6EJECZBOXK42LIGYDRZN"
  },
  {
    "jid": "6283142110522@s.whatsapp.net",
    "name": "Fri SMZ </>",
    "age": "20",
    "serial": "OZU7UCFEY0VNWSWVZRGM"
  },
  {
    "jid": "6285956337454@s.whatsapp.net",
    "name": "somebody's pleasure",
    "age": "15",
    "serial": "59FGOCI9O46DV747DR6G"
  },
  {
    "jid": "62895393325895@s.whatsapp.net",
    "name": "𝘿𝙖𝙛𝙖🍀",
    "age": "17",
    "serial": "BXVHQPB8B0KZ3JA2WXE4"
  },
  {
    "jid": "6283852442072@s.whatsapp.net",
    "name": "$olitude",
    "age": "20",
    "serial": "KNUIQQ1DPW7RGLEP9AXM"
  },
  {
    "jid": "6287822708725@s.whatsapp.net",
    "name": ".",
    "age": "18",
    "serial": "2A77KENUMZKC822VXBJ4"
  },
  {
    "jid": "6288246387665@s.whatsapp.net",
    "name": "Ega",
    "age": "14",
    "serial": "IQ5JX4CJCTNYFT5RGC1N"
  },
  {
    "jid": "6282181854043@s.whatsapp.net",
    "name": "Fanzy STR",
    "age": "18",
    "serial": "FERSORQ67G1D4MCWVWNU"
  },
  {
    "jid": "6285959314711@s.whatsapp.net",
    "name": "Viex ShopID",
    "age": "19",
    "serial": "X6ZOIAQO29JF7O8LY43B"
  },
  {
    "jid": "6281337522397@s.whatsapp.net",
    "name": "san",
    "age": "20",
    "serial": "65AAHKQMFTK1TOZ9WDMU"
  },
  {
    "jid": "6285775901603@s.whatsapp.net",
    "name": "Kmbil Bolng",
    "age": "18",
    "serial": "5NK8GE2T5NH875EVR0EC"
  },
  {
    "jid": "6281292470390@s.whatsapp.net",
    "name": "felixxx.my.id",
    "age": "20",
    "serial": "U19ACN8G3RT91XFX70VO"
  }
]